<TICKER>,<DTYYYYMMDD>,<TIME>,<OPEN>,<HIGH>,<LOW>,<CLOSE>,<VOL>
XAUUSD,20251231,2100,4318.06,4318.72,4317.70,4318.68,28690
XAUUSD,20260101,2300,4323.70,4351.01,4323.20,4347.81,863050
XAUUSD,20260102,0000,4347.80,4355.55,4341.07,4353.72,1395360
XAUUSD,20260102,0100,4353.69,4355.57,4344.30,4347.69,1987030
XAUUSD,20260102,0200,4347.64,4362.91,4344.73,4362.59,1653350
XAUUSD,20260102,0300,4362.56,4375.40,4361.78,4374.75,2161360
XAUUSD,20260102,0400,4374.76,4378.14,4371.04,4372.90,1660270
XAUUSD,20260102,0500,4373.22,4381.49,4370.60,4380.34,1382140
XAUUSD,20260102,0600,4380.35,4380.55,4372.97,4374.31,1228500
XAUUSD,20260102,0700,4374.35,4383.16,4371.64,4382.52,1404980
XAUUSD,20260102,0800,4382.55,4397.31,4380.56,4386.60,1676290
XAUUSD,20260102,0900,4386.60,4391.25,4382.86,4385.06,1832260
XAUUSD,20260102,1000,4385.09,4398.23,4384.20,4395.82,1623800
XAUUSD,20260102,1100,4395.91,4399.00,4390.24,4392.53,1315330
XAUUSD,20260102,1200,4392.56,4397.88,4384.70,4393.98,1674260
XAUUSD,20260102,1300,4393.98,4401.93,4361.69,4365.78,4294600
XAUUSD,20260102,1400,4365.90,4373.49,4347.64,4353.27,2783080
XAUUSD,20260102,1500,4352.95,4356.90,4330.06,4335.10,3267710
XAUUSD,20260102,1600,4335.06,4337.10,4314.85,4326.34,3252220
XAUUSD,20260102,1700,4326.31,4333.22,4322.48,4322.82,2349710
XAUUSD,20260102,1800,4322.78,4323.43,4309.62,4314.95,2220810
XAUUSD,20260102,1900,4315.32,4326.01,4315.32,4317.85,1822480
XAUUSD,20260102,2000,4317.81,4331.35,4316.93,4331.32,2220480
XAUUSD,20260102,2100,4331.40,4333.16,4326.64,4331.57,1001610
XAUUSD,20260104,2300,4360.88,4375.66,4344.43,4372.35,2530480
XAUUSD,20260105,0000,4372.27,4396.48,4370.02,4394.77,2361510
XAUUSD,20260105,0100,4394.90,4421.19,4390.56,4401.65,4764380
XAUUSD,20260105,0200,4401.69,4409.10,4388.36,4404.98,4092570
XAUUSD,20260105,0300,4404.95,4413.88,4399.48,4399.61,2885470
XAUUSD,20260105,0400,4399.65,4408.06,4397.01,4403.86,1517550
XAUUSD,20260105,0500,4403.84,4414.34,4400.98,4412.19,2167180
XAUUSD,20260105,0600,4412.13,4426.10,4411.02,4420.23,4550810
XAUUSD,20260105,0700,4420.20,4424.69,4416.48,4421.47,2748740
XAUUSD,20260105,0800,4421.47,4433.68,4419.02,4429.89,3143980
XAUUSD,20260105,0900,4429.65,4438.02,4425.80,4434.52,2587480
XAUUSD,20260105,1000,4434.48,4439.68,4430.51,4436.09,1829810
XAUUSD,20260105,1100,4436.11,4437.31,4410.28,4419.03,2872130
XAUUSD,20260105,1200,4419.06,4421.23,4405.27,4409.45,2189620
XAUUSD,20260105,1300,4409.48,4418.77,4396.05,4416.64,2983290
XAUUSD,20260105,1400,4416.69,4442.57,4416.69,4436.00,3552200
XAUUSD,20260105,1500,4436.00,4455.43,4435.35,4448.27,3455010
XAUUSD,20260105,1600,4448.26,4454.13,4438.13,4441.53,2194560
XAUUSD,20260105,1700,4441.81,4448.85,4432.10,4443.32,2225870
XAUUSD,20260105,1800,4443.30,4448.35,4439.48,4448.35,1602660
XAUUSD,20260105,1900,4448.35,4449.07,4434.59,4439.48,1668080
XAUUSD,20260105,2000,4439.45,4446.72,4437.73,4444.56,1747490
XAUUSD,20260105,2100,4444.55,4449.16,4443.06,4448.35,1628290
XAUUSD,20260105,2300,4446.61,4459.81,4436.56,4440.28,892920
XAUUSD,20260106,0000,4440.28,4444.55,4429.99,4436.28,1221020
XAUUSD,20260106,0100,4436.32,4452.15,4427.73,4450.32,2889120
XAUUSD,20260106,0200,4450.47,4461.13,4448.40,4454.69,2801640
XAUUSD,20260106,0300,4454.69,4467.89,4453.88,4467.31,2001130
XAUUSD,20260106,0400,4467.30,4468.27,4461.48,4467.20,2485960
XAUUSD,20260106,0500,4467.18,4473.91,4449.20,4451.73,3345040
XAUUSD,20260106,0600,4452.11,4466.65,4451.20,4465.60,2171650
XAUUSD,20260106,0700,4465.56,4470.03,4456.69,4459.13,1476640
XAUUSD,20260106,0800,4459.10,4475.48,4456.98,4467.95,3005470
XAUUSD,20260106,0900,4467.95,4468.19,4444.50,4446.06,5003310
XAUUSD,20260106,1000,4446.09,4455.55,4442.10,4451.45,2587500
XAUUSD,20260106,1100,4451.43,4464.20,4448.28,4462.95,2732830
XAUUSD,20260106,1200,4463.05,4466.06,4458.48,4463.36,3773200
XAUUSD,20260106,1300,4463.35,4470.18,4453.53,4467.69,4930010
XAUUSD,20260106,1400,4467.73,4489.45,4464.16,4487.43,4608930
XAUUSD,20260106,1500,4487.26,4490.61,4462.95,4478.02,5552290
XAUUSD,20260106,1600,4477.98,4488.57,4471.18,4487.91,3416500
XAUUSD,20260106,1700,4487.94,4491.25,4481.35,4489.15,2610610
XAUUSD,20260106,1800,4489.10,4493.77,4481.73,4488.22,4199060
XAUUSD,20260106,1900,4488.24,4489.16,4477.19,4481.19,3945120
XAUUSD,20260106,2000,4481.15,4496.50,4480.14,4493.45,3771500
XAUUSD,20260106,2100,4493.45,4497.05,4491.55,4493.19,1042530
XAUUSD,20260106,2300,4494.30,4500.35,4491.94,4493.23,839620
XAUUSD,20260107,0000,4493.19,4494.48,4482.00,4491.73,1414140
XAUUSD,20260107,0100,4491.69,4495.60,4460.63,4465.27,3824020
XAUUSD,20260107,0200,4465.26,4478.40,4459.31,4474.26,3089070
XAUUSD,20260107,0300,4474.31,4479.97,4471.36,4474.51,1867080
XAUUSD,20260107,0400,4474.52,4475.76,4463.16,4464.52,1736740
XAUUSD,20260107,0500,4464.49,4470.15,4442.94,4453.98,2488254
XAUUSD,20260107,0600,4453.98,4460.10,4441.25,4443.80,2496400
XAUUSD,20260107,0700,4443.80,4464.63,4441.38,4460.94,1672610
XAUUSD,20260107,0800,4460.78,4474.65,4459.09,4468.07,1479580
XAUUSD,20260107,0900,4467.90,4468.41,4459.22,4463.22,2741780
XAUUSD,20260107,1000,4463.16,4467.48,4458.49,4464.10,2273070
XAUUSD,20260107,1100,4464.06,4464.74,4446.26,4447.14,1803460
XAUUSD,20260107,1200,4447.51,4454.81,4439.14,4444.69,2711730
XAUUSD,20260107,1300,4444.61,4452.90,4427.51,4452.65,3621410
XAUUSD,20260107,1400,4452.65,4454.10,4435.48,4444.55,3294800
XAUUSD,20260107,1500,4444.55,4452.06,4423.14,4445.90,3531380
XAUUSD,20260107,1600,4445.85,4468.07,4443.61,4463.86,4532510
XAUUSD,20260107,1700,4463.88,4465.10,4449.45,4451.73,3346870
XAUUSD,20260107,1800,4451.69,4458.65,4446.81,4451.84,2287080
XAUUSD,20260107,1900,4451.86,4457.91,4445.10,4456.88,2168220
XAUUSD,20260107,2000,4456.84,4461.36,4450.32,4451.81,3330820
XAUUSD,20260107,2100,4452.07,4456.51,4449.69,4455.64,609490
XAUUSD,20260107,2300,4457.50,4463.73,4456.90,4463.20,642620
XAUUSD,20260108,0000,4463.15,4466.07,4446.40,4449.81,2244150
XAUUSD,20260108,0100,4449.84,4460.02,4441.68,4448.06,3148040
XAUUSD,20260108,0200,4448.06,4449.20,4433.27,4440.98,2975310
XAUUSD,20260108,0300,4440.97,4446.19,4437.01,4439.93,2713240
XAUUSD,20260108,0400,4439.93,4440.26,4429.84,4431.27,2364780
XAUUSD,20260108,0500,4431.23,4432.10,4415.22,4425.40,2963040
XAUUSD,20260108,0600,4425.38,4437.35,4415.41,4433.02,3052150
XAUUSD,20260108,0700,4432.99,4439.45,4428.01,4430.74,1844370
XAUUSD,20260108,0800,4430.73,4433.18,4419.44,4431.44,2336560
XAUUSD,20260108,0900,4431.24,4435.15,4425.82,4432.40,1450440
XAUUSD,20260108,1000,4432.43,4434.61,4422.76,4433.05,1453250
XAUUSD,20260108,1100,4433.05,4433.05,4421.89,4422.68,1439910
XAUUSD,20260108,1200,4422.73,4431.06,4407.48,4427.41,2180240
XAUUSD,20260108,1300,4427.38,4435.60,4417.10,4423.52,6509660
XAUUSD,20260108,1400,4423.57,4439.19,4418.91,4432.76,3243390
XAUUSD,20260108,1500,4432.73,4456.31,4427.61,4454.02,3329800
XAUUSD,20260108,1600,4454.03,4464.26,4446.69,4462.94,2977040
XAUUSD,20260108,1700,4462.94,4465.16,4457.27,4463.16,1856190
XAUUSD,20260108,1800,4463.18,4463.18,4447.68,4449.23,2376130
XAUUSD,20260108,1900,4449.21,4452.77,4444.56,4451.90,1787260
XAUUSD,20260108,2000,4451.88,4477.90,4451.28,4475.93,2402390
XAUUSD,20260108,2100,4475.84,4479.40,4472.40,4477.56,956510
XAUUSD,20260108,2300,4478.70,4483.55,4472.52,4475.48,739950
XAUUSD,20260109,0000,4475.44,4476.68,4459.52,4462.22,1668070
XAUUSD,20260109,0100,4462.24,4469.81,4452.59,4468.74,3004150
XAUUSD,20260109,0200,4468.72,4476.30,4465.43,4469.31,1716950
XAUUSD,20260109,0300,4469.27,4469.77,4460.22,4463.90,1566800
XAUUSD,20260109,0400,4463.88,4466.78,4460.56,4464.47,876210
XAUUSD,20260109,0500,4464.44,4471.53,4457.98,4467.85,1368810
XAUUSD,20260109,0600,4468.34,4477.13,4465.81,4473.81,1860480
XAUUSD,20260109,0700,4473.88,4475.23,4468.30,4469.94,1093510
XAUUSD,20260109,0800,4470.02,4476.69,4463.90,4468.35,1623320
XAUUSD,20260109,0900,4468.30,4477.44,4468.24,4470.81,1251430
XAUUSD,20260109,1000,4470.78,4473.94,4466.80,4472.25,1291150
XAUUSD,20260109,1100,4472.25,4475.90,4468.39,4475.05,1121690
XAUUSD,20260109,1200,4474.99,4480.34,4460.70,4465.69,1655230
XAUUSD,20260109,1300,4465.77,4491.60,4458.60,4482.18,3791690
XAUUSD,20260109,1400,4482.18,4497.90,4478.98,4494.10,4465390
XAUUSD,20260109,1500,4494.07,4516.90,4489.82,4511.99,4778220
XAUUSD,20260109,1600,4511.99,4513.91,4499.50,4506.31,4704160
XAUUSD,20260109,1700,4506.31,4511.45,4481.61,4484.20,3273040
XAUUSD,20260109,1800,4484.10,4504.31,4482.65,4495.76,5424870
XAUUSD,20260109,1900,4495.76,4501.50,4492.43,4498.93,4012050
XAUUSD,20260109,2000,4498.86,4509.81,4497.40,4507.27,5253690
XAUUSD,20260109,2100,4507.27,4511.00,4504.75,4509.02,782840
XAUUSD,20260111,2300,4520.30,4544.73,4511.90,4539.85,1944800
XAUUSD,20260112,0000,4539.77,4601.05,4536.06,4588.55,2904780
XAUUSD,20260112,0100,4588.55,4594.50,4569.76,4569.76,4637190
XAUUSD,20260112,0200,4569.73,4581.74,4561.35,4577.35,3579040
XAUUSD,20260112,0300,4577.23,4581.26,4567.44,4570.28,1711650
XAUUSD,20260112,0400,4570.31,4571.99,4563.12,4568.36,1394640
XAUUSD,20260112,0500,4568.41,4584.69,4565.84,4580.57,1839700
XAUUSD,20260112,0600,4580.61,4580.61,4569.45,4578.40,2122400
XAUUSD,20260112,0700,4578.41,4589.47,4574.59,4587.48,1660200
XAUUSD,20260112,0800,4587.45,4598.31,4579.23,4596.69,1722660
XAUUSD,20260112,0900,4596.73,4599.24,4587.41,4588.94,2514070
XAUUSD,20260112,1000,4588.97,4595.15,4585.84,4594.06,1159160
XAUUSD,20260112,1100,4594.07,4594.73,4581.41,4584.99,1339950
XAUUSD,20260112,1200,4585.02,4590.57,4578.15,4590.31,1744710
XAUUSD,20260112,1300,4590.28,4620.19,4588.35,4615.56,3374800
XAUUSD,20260112,1400,4615.59,4617.06,4584.61,4601.78,5272190
XAUUSD,20260112,1500,4601.77,4627.27,4601.55,4621.14,3830650
XAUUSD,20260112,1600,4620.77,4629.98,4607.51,4616.63,2671080
XAUUSD,20260112,1700,4616.68,4620.45,4610.56,4616.15,3147840
XAUUSD,20260112,1800,4616.19,4618.44,4600.22,4610.65,2047100
XAUUSD,20260112,1900,4610.69,4618.69,4608.53,4610.98,1905140
XAUUSD,20260112,2000,4611.02,4611.63,4591.40,4593.56,4304360
XAUUSD,20260112,2100,4593.53,4598.81,4589.19,4598.55,915740
XAUUSD,20260112,2300,4599.50,4607.10,4577.34,4599.10,1570640
XAUUSD,20260113,0000,4599.20,4599.36,4584.15,4587.05,1102030
XAUUSD,20260113,0100,4587.06,4595.56,4575.27,4577.65,3247630
XAUUSD,20260113,0200,4577.63,4594.81,4576.45,4594.02,2005660
XAUUSD,20260113,0300,4593.86,4599.45,4592.32,4593.95,1412830
XAUUSD,20260113,0400,4593.93,4599.64,4593.73,4596.15,1106640
XAUUSD,20260113,0500,4596.10,4601.94,4585.40,4591.93,1607920
XAUUSD,20260113,0600,4591.81,4592.19,4573.32,4581.56,2028930
XAUUSD,20260113,0700,4581.60,4586.94,4577.22,4580.44,1159090
XAUUSD,20260113,0800,4580.49,4596.85,4579.51,4592.56,1398130
XAUUSD,20260113,0900,4592.59,4595.52,4585.37,4585.70,1643370
XAUUSD,20260113,1000,4585.95,4588.11,4580.06,4586.15,1280160
XAUUSD,20260113,1100,4586.10,4591.91,4581.90,4588.36,1043640
XAUUSD,20260113,1200,4588.44,4595.03,4577.61,4593.05,1145910
XAUUSD,20260113,1300,4592.99,4620.55,4590.40,4611.15,4857310
XAUUSD,20260113,1400,4611.16,4634.28,4608.69,4629.06,5537300
XAUUSD,20260113,1500,4629.07,4629.56,4600.41,4618.90,5166485
XAUUSD,20260113,1600,4618.89,4620.44,4592.77,4613.05,4655380
XAUUSD,20260113,1700,4612.98,4615.73,4586.35,4590.26,2596620
XAUUSD,20260113,1800,4590.26,4601.73,4580.84,4593.76,5500540
XAUUSD,20260113,1900,4593.76,4598.77,4583.98,4597.31,2323990
XAUUSD,20260113,2000,4597.32,4597.56,4569.19,4585.72,4416370
XAUUSD,20260113,2100,4585.99,4589.59,4582.51,4585.65,1010890
XAUUSD,20260113,2300,4586.16,4598.65,4586.16,4596.81,840370
XAUUSD,20260114,0000,4596.80,4610.45,4596.74,4608.90,1291470
XAUUSD,20260114,0100,4608.99,4619.77,4605.88,4619.02,2393790
XAUUSD,20260114,0200,4619.06,4623.53,4613.94,4620.32,1950910
XAUUSD,20260114,0300,4620.31,4629.86,4613.10,4627.95,1488640
XAUUSD,20260114,0400,4627.98,4630.22,4625.02,4629.02,1456730
XAUUSD,20260114,0500,4629.07,4639.53,4617.69,4619.56,2430670
XAUUSD,20260114,0600,4619.60,4637.06,4618.31,4637.05,2549220
XAUUSD,20260114,0700,4637.06,4639.49,4631.35,4632.15,1573480
XAUUSD,20260114,0800,4632.13,4637.69,4621.27,4634.77,1740370
XAUUSD,20260114,0900,4634.55,4639.43,4626.81,4630.35,1500460
XAUUSD,20260114,1000,4630.34,4638.02,4627.60,4632.89,1263060
XAUUSD,20260114,1100,4632.94,4637.31,4625.80,4630.15,1407510
XAUUSD,20260114,1200,4630.38,4641.60,4630.06,4638.45,1758580
XAUUSD,20260114,1300,4638.48,4641.40,4623.65,4635.49,2918180
XAUUSD,20260114,1400,4635.53,4638.77,4606.65,4617.03,4049100
XAUUSD,20260114,1500,4616.96,4626.41,4599.16,4617.72,4061630
XAUUSD,20260114,1600,4617.73,4624.61,4608.44,4616.85,2980270
XAUUSD,20260114,1700,4616.81,4618.90,4600.98,4614.13,3038800
XAUUSD,20260114,1800,4614.07,4637.11,4612.65,4635.01,3105620
XAUUSD,20260114,1900,4634.98,4642.69,4632.91,4638.99,3561410
XAUUSD,20260114,2000,4639.05,4641.34,4625.48,4632.44,2918950
XAUUSD,20260114,2100,4632.39,4632.88,4617.66,4626.06,1171810
XAUUSD,20260114,2300,4629.23,4631.65,4602.57,4615.02,2160480
XAUUSD,20260115,0000,4614.94,4617.91,4609.94,4614.90,1291090
XAUUSD,20260115,0100,4614.88,4617.40,4583.22,4599.66,3647670
XAUUSD,20260115,0200,4599.75,4614.41,4595.26,4602.73,2420910
XAUUSD,20260115,0300,4602.72,4604.10,4580.93,4592.02,3139150
XAUUSD,20260115,0400,4592.02,4597.18,4586.69,4591.97,1544730
XAUUSD,20260115,0500,4591.94,4598.69,4580.81,4594.94,2019670
XAUUSD,20260115,0600,4594.98,4611.78,4593.26,4609.85,3064950
XAUUSD,20260115,0700,4609.82,4613.36,4599.02,4601.56,1470060
XAUUSD,20260115,0800,4601.59,4606.91,4597.69,4604.11,1569850
XAUUSD,20260115,0900,4604.13,4612.94,4600.44,4612.44,1551400
XAUUSD,20260115,1000,4612.41,4620.56,4609.15,4619.61,1332780
XAUUSD,20260115,1100,4619.66,4622.76,4615.31,4619.01,1131330
XAUUSD,20260115,1200,4619.10,4620.56,4611.47,4613.76,1313110
XAUUSD,20260115,1300,4613.78,4615.90,4582.14,4588.02,4088130
XAUUSD,20260115,1400,4588.19,4614.80,4583.10,4610.80,4985700
XAUUSD,20260115,1500,4610.51,4617.71,4603.47,4615.15,5108260
XAUUSD,20260115,1600,4615.16,4624.32,4600.98,4605.30,3617000
XAUUSD,20260115,1700,4605.31,4616.63,4605.31,4616.20,2571240
XAUUSD,20260115,1800,4616.06,4620.85,4613.17,4617.31,3525390
XAUUSD,20260115,1900,4617.31,4621.30,4612.48,4615.64,2495010
XAUUSD,20260115,2000,4615.64,4616.11,4600.40,4605.56,4574350
XAUUSD,20260115,2100,4605.55,4616.09,4604.18,4614.82,1452350
XAUUSD,20260115,2300,4613.50,4620.45,4606.06,4609.85,1134380
XAUUSD,20260116,0000,4609.84,4610.85,4598.10,4599.65,1846150
XAUUSD,20260116,0100,4599.49,4608.32,4593.56,4600.34,2337290
XAUUSD,20260116,0200,4600.31,4604.01,4590.98,4594.45,2359600
XAUUSD,20260116,0300,4594.82,4599.61,4592.60,4596.11,1430420
XAUUSD,20260116,0400,4596.06,4601.91,4595.84,4600.87,1280990
XAUUSD,20260116,0500,4600.89,4615.73,4595.10,4611.27,2051420
XAUUSD,20260116,0600,4611.23,4612.10,4593.86,4597.85,2455000
XAUUSD,20260116,0700,4597.91,4611.82,4596.52,4607.28,1438560
XAUUSD,20260116,0800,4607.24,4610.35,4600.94,4602.98,1197780
XAUUSD,20260116,0900,4603.05,4608.34,4598.61,4600.40,987600
XAUUSD,20260116,1000,4600.32,4610.94,4599.47,4599.89,958050
XAUUSD,20260116,1100,4599.91,4615.97,4598.28,4612.34,1218080
XAUUSD,20260116,1200,4612.36,4612.68,4596.91,4601.60,1775720
XAUUSD,20260116,1300,4601.63,4605.31,4582.10,4601.63,3362730
XAUUSD,20260116,1400,4601.60,4614.51,4595.75,4607.44,4396520
XAUUSD,20260116,1500,4607.48,4620.03,4536.52,4570.85,5476150
XAUUSD,20260116,1600,4570.84,4598.84,4567.14,4591.02,3277870
XAUUSD,20260116,1700,4590.97,4592.98,4576.40,4581.19,2406390
XAUUSD,20260116,1800,4581.15,4595.86,4579.65,4582.41,2159820
XAUUSD,20260116,1900,4582.40,4592.15,4580.65,4590.24,2365370
XAUUSD,20260116,2000,4590.28,4595.65,4580.34,4581.69,3632140
XAUUSD,20260116,2100,4581.60,4598.09,4581.60,4595.52,1079920
XAUUSD,20260118,2300,4625.76,4690.27,4618.99,4672.36,2817570
XAUUSD,20260119,0000,4672.38,4681.73,4660.69,4674.99,1931360
XAUUSD,20260119,0100,4675.22,4678.28,4655.84,4657.05,3045440
XAUUSD,20260119,0200,4657.02,4664.77,4652.85,4662.27,1908300
XAUUSD,20260119,0300,4662.23,4669.68,4657.85,4658.05,1725660
XAUUSD,20260119,0400,4658.21,4665.86,4657.90,4663.10,1063280
XAUUSD,20260119,0500,4663.07,4674.16,4662.95,4669.81,1370880
XAUUSD,20260119,0600,4669.81,4678.85,4666.53,4677.77,1581430
XAUUSD,20260119,0700,4677.73,4678.41,4661.63,4664.95,1622420
XAUUSD,20260119,0800,4664.95,4673.65,4661.35,4663.27,1573390
XAUUSD,20260119,0900,4663.27,4672.65,4661.66,4668.20,1531050
XAUUSD,20260119,1000,4668.15,4671.06,4660.95,4663.56,1233310
XAUUSD,20260119,1100,4663.60,4667.34,4659.43,4660.30,936970
XAUUSD,20260119,1200,4660.34,4673.59,4659.82,4671.81,1126900
XAUUSD,20260119,1300,4671.60,4673.56,4664.19,4665.90,1942260
XAUUSD,20260119,1400,4665.89,4670.20,4661.20,4666.35,1608770
XAUUSD,20260119,1500,4666.31,4675.95,4663.99,4674.06,2095000
XAUUSD,20260119,1600,4674.09,4675.44,4670.15,4671.94,996880
XAUUSD,20260119,1700,4671.98,4678.66,4668.85,4676.03,1201000
XAUUSD,20260119,1800,4676.02,4680.10,4673.48,4676.25,761080
XAUUSD,20260119,1900,4676.25,4676.35,4666.85,4669.98,618360
XAUUSD,20260119,2300,4671.30,4676.45,4664.19,4665.14,770400
XAUUSD,20260120,0000,4665.15,4667.81,4659.24,4660.10,899880
XAUUSD,20260120,0100,4660.11,4675.89,4659.66,4669.51,2006740
XAUUSD,20260120,0200,4669.40,4674.65,4665.20,4668.51,1788710
XAUUSD,20260120,0300,4668.56,4681.35,4665.73,4679.98,1437320
XAUUSD,20260120,0400,4679.97,4696.78,4679.40,4695.02,1956510
XAUUSD,20260120,0500,4694.99,4716.40,4694.11,4714.15,1948560
XAUUSD,20260120,0600,4714.15,4716.93,4705.35,4712.28,2025610
XAUUSD,20260120,0700,4712.24,4722.51,4711.22,4715.91,1397750
XAUUSD,20260120,0800,4715.94,4731.44,4714.74,4729.20,1930970
XAUUSD,20260120,0900,4729.23,4737.28,4721.00,4732.16,1659330
XAUUSD,20260120,1000,4732.19,4734.82,4722.78,4726.35,1535400
XAUUSD,20260120,1100,4726.38,4735.15,4721.41,4732.89,1533120
XAUUSD,20260120,1200,4732.68,4732.68,4723.77,4727.36,1514470
XAUUSD,20260120,1300,4727.35,4738.16,4715.07,4736.85,3036640
XAUUSD,20260120,1400,4736.90,4750.84,4728.30,4740.81,5008730
XAUUSD,20260120,1500,4740.66,4748.30,4722.03,4737.22,6978670
XAUUSD,20260120,1600,4737.23,4757.35,4728.69,4753.26,3602370
XAUUSD,20260120,1700,4753.24,4762.20,4745.76,4758.90,2755860
XAUUSD,20260120,1800,4758.91,4766.05,4752.48,4759.20,2388040
XAUUSD,20260120,1900,4759.20,4766.15,4756.23,4760.56,2137890
XAUUSD,20260120,2000,4760.51,4760.99,4747.05,4756.40,2830740
XAUUSD,20260120,2100,4756.41,4763.77,4756.06,4762.94,865620
XAUUSD,20260120,2300,4761.38,4780.90,4756.58,4775.63,879210
XAUUSD,20260121,0000,4775.60,4787.49,4770.20,4784.32,1047630
XAUUSD,20260121,0100,4784.31,4843.93,4783.31,4835.05,3357950
XAUUSD,20260121,0200,4835.15,4841.94,4817.01,4836.47,2348134
XAUUSD,20260121,0300,4836.45,4849.55,4826.80,4844.73,2166860
XAUUSD,20260121,0400,4844.68,4870.69,4837.69,4865.80,1916630
XAUUSD,20260121,0500,4865.69,4878.06,4858.60,4869.74,1953840
XAUUSD,20260121,0600,4869.81,4888.07,4845.45,4847.27,2533030
XAUUSD,20260121,0700,4847.26,4856.88,4832.38,4855.06,2366060
XAUUSD,20260121,0800,4855.07,4869.38,4851.32,4854.44,1542500
XAUUSD,20260121,0900,4854.45,4876.97,4852.11,4860.18,1600030
XAUUSD,20260121,1000,4860.14,4866.56,4859.23,4861.90,1187830
XAUUSD,20260121,1100,4861.90,4871.31,4854.98,4866.70,1219560
XAUUSD,20260121,1200,4866.73,4870.72,4855.41,4864.98,1307550
XAUUSD,20260121,1300,4865.31,4880.14,4858.26,4879.22,2179590
XAUUSD,20260121,1400,4879.19,4880.64,4839.11,4851.60,4148980
XAUUSD,20260121,1500,4851.52,4868.57,4812.41,4847.51,4202080
XAUUSD,20260121,1600,4847.53,4855.44,4819.61,4833.27,3185290
XAUUSD,20260121,1700,4833.30,4834.14,4802.32,4826.13,3143220
XAUUSD,20260121,1800,4826.15,4850.44,4819.52,4850.10,3082330
XAUUSD,20260121,1900,4850.13,4853.88,4755.35,4780.99,4292500
XAUUSD,20260121,2000,4780.86,4827.68,4771.91,4826.35,4178560
XAUUSD,20260121,2100,4826.31,4839.53,4813.01,4831.69,1456020
XAUUSD,20260121,2300,4832.69,4833.41,4777.27,4777.91,1368230
XAUUSD,20260122,0000,4777.88,4798.66,4777.80,4797.98,1281990
XAUUSD,20260122,0100,4797.95,4809.40,4772.19,4797.84,2950810
XAUUSD,20260122,0200,4797.64,4798.16,4774.53,4788.85,2332220
XAUUSD,20260122,0300,4788.85,4796.56,4784.06,4796.36,1813690
XAUUSD,20260122,0400,4796.40,4800.24,4793.61,4797.31,1345900
XAUUSD,20260122,0500,4797.27,4821.27,4793.51,4821.11,1505610
XAUUSD,20260122,0600,4821.15,4829.19,4816.20,4826.40,1643240
XAUUSD,20260122,0700,4826.60,4839.35,4825.57,4832.48,1116420
XAUUSD,20260122,0800,4832.47,4835.32,4821.98,4830.44,1305860
XAUUSD,20260122,0900,4830.49,4837.93,4813.60,4822.94,1285920
XAUUSD,20260122,1000,4822.97,4831.65,4819.31,4828.80,934570
XAUUSD,20260122,1100,4828.84,4836.15,4824.44,4831.02,1019220
XAUUSD,20260122,1200,4830.98,4832.36,4818.61,4819.40,1380080
XAUUSD,20260122,1300,4819.36,4835.23,4810.53,4822.13,2202900
XAUUSD,20260122,1400,4822.10,4847.51,4820.23,4834.85,2542110
XAUUSD,20260122,1500,4834.50,4873.53,4825.36,4871.61,2984450
XAUUSD,20260122,1600,4871.65,4885.23,4867.91,4877.84,2347950
XAUUSD,20260122,1700,4877.88,4906.10,4869.19,4904.39,2534600
XAUUSD,20260122,1800,4904.35,4919.39,4901.11,4915.81,2137010
XAUUSD,20260122,1900,4915.77,4924.23,4905.76,4911.57,1942080
XAUUSD,20260122,2000,4911.60,4928.30,4911.38,4916.88,1794120
XAUUSD,20260122,2100,4916.81,4940.61,4914.48,4935.69,963960
XAUUSD,20260122,2300,4935.70,4960.44,4929.94,4958.80,1381180
XAUUSD,20260123,0000,4958.78,4965.77,4947.23,4965.02,1145060
XAUUSD,20260123,0100,4965.06,4967.07,4935.99,4953.31,2435480
XAUUSD,20260123,0200,4953.30,4962.13,4946.66,4955.40,1299950
XAUUSD,20260123,0300,4955.36,4958.91,4937.85,4951.85,1165150
XAUUSD,20260123,0400,4951.84,4958.30,4950.02,4956.10,538290
XAUUSD,20260123,0500,4956.07,4967.23,4954.40,4960.43,841850
XAUUSD,20260123,0600,4960.40,4963.03,4945.40,4953.60,1409780
XAUUSD,20260123,0700,4953.64,4959.51,4943.10,4944.32,1290660
XAUUSD,20260123,0800,4944.31,4947.56,4901.01,4913.53,1905970
XAUUSD,20260123,0900,4913.64,4921.23,4899.55,4918.41,2088200
XAUUSD,20260123,1000,4918.47,4932.27,4915.48,4929.64,1232100
XAUUSD,20260123,1100,4929.72,4929.73,4911.63,4922.63,1104860
XAUUSD,20260123,1200,4923.02,4942.30,4918.20,4939.23,1628880
XAUUSD,20260123,1300,4939.18,4947.78,4923.31,4938.94,2750760
XAUUSD,20260123,1400,4938.86,4956.32,4932.53,4942.99,2445300
XAUUSD,20260123,1500,4943.01,4963.27,4937.97,4960.30,2873120
XAUUSD,20260123,1600,4960.35,4988.10,4958.90,4980.13,2637630
XAUUSD,20260123,1700,4980.16,4987.81,4961.85,4965.52,2294500
XAUUSD,20260123,1800,4965.59,4983.89,4957.99,4966.38,2282100
XAUUSD,20260123,1900,4966.51,4989.68,4966.51,4983.94,1647040
XAUUSD,20260123,2000,4983.88,4985.45,4970.39,4980.73,2277110
XAUUSD,20260123,2100,4980.81,4989.65,4977.93,4983.78,905920
XAUUSD,20260125,2300,5003.28,5039.69,5001.10,5039.40,2335160
XAUUSD,20260126,0000,5039.52,5051.89,5030.27,5041.49,1871790
XAUUSD,20260126,0100,5041.56,5085.35,5028.74,5070.77,3758140
XAUUSD,20260126,0200,5070.73,5092.78,5066.63,5080.69,3153200
XAUUSD,20260126,0300,5080.69,5087.57,5069.90,5076.52,2731190
XAUUSD,20260126,0400,5076.44,5077.98,5058.05,5070.18,1536130
XAUUSD,20260126,0500,5070.15,5076.32,5052.18,5074.19,2759810
XAUUSD,20260126,0600,5074.16,5110.89,5065.18,5077.23,2749570
XAUUSD,20260126,0700,5077.23,5095.59,5073.57,5088.85,1865050
XAUUSD,20260126,0800,5088.81,5098.23,5080.00,5083.19,1945120
XAUUSD,20260126,0900,5082.97,5098.38,5075.15,5083.99,1824920
XAUUSD,20260126,1000,5084.57,5094.90,5078.40,5091.55,1487230
XAUUSD,20260126,1100,5091.52,5092.76,5078.22,5091.35,1544690
XAUUSD,20260126,1200,5091.39,5096.84,5076.94,5078.74,1901010
XAUUSD,20260126,1300,5078.66,5082.91,5054.38,5068.40,2991700
XAUUSD,20260126,1400,5068.52,5096.81,5058.13,5095.90,3239660
XAUUSD,20260126,1500,5095.90,5097.22,5073.85,5090.61,3356380
XAUUSD,20260126,1600,5090.65,5105.02,5065.02,5089.38,3456460
XAUUSD,20260126,1700,5089.38,5104.86,5080.20,5100.81,3092290
XAUUSD,20260126,1800,5100.85,5103.10,5057.43,5068.69,4492820
XAUUSD,20260126,1900,5068.66,5069.56,5008.02,5028.23,5355950
XAUUSD,20260126,2000,5028.27,5062.06,5026.09,5055.10,4923960
XAUUSD,20260126,2100,5055.10,5058.80,4989.81,5009.53,3825940
XAUUSD,20260126,2300,5011.70,5061.19,5010.92,5043.19,1819820
XAUUSD,20260127,0000,5043.23,5053.77,5013.60,5032.65,1754850
XAUUSD,20260127,0100,5032.66,5075.64,5018.25,5059.81,3667198
XAUUSD,20260127,0200,5059.94,5079.57,5049.41,5072.31,2444000
XAUUSD,20260127,0300,5072.35,5078.98,5060.01,5076.81,2095850
XAUUSD,20260127,0400,5076.78,5078.57,5061.32,5067.56,1855830
XAUUSD,20260127,0500,5067.51,5085.11,5057.01,5082.82,2285150
XAUUSD,20260127,0600,5082.85,5093.82,5076.52,5085.57,2172460
XAUUSD,20260127,0700,5085.59,5100.59,5081.10,5085.73,2700030
XAUUSD,20260127,0800,5085.73,5087.98,5073.07,5079.34,2243540
XAUUSD,20260127,0900,5079.31,5099.35,5077.56,5098.60,1772460
XAUUSD,20260127,1000,5098.19,5098.43,5081.74,5086.19,1505070
XAUUSD,20260127,1100,5086.23,5090.59,5066.81,5076.70,1550888
XAUUSD,20260127,1200,5076.76,5091.02,5073.40,5084.82,1978560
XAUUSD,20260127,1300,5084.84,5092.69,5069.44,5077.06,3059210
XAUUSD,20260127,1400,5077.06,5081.98,5046.47,5052.56,4468270
XAUUSD,20260127,1500,5052.05,5091.07,5047.48,5090.77,4195740
XAUUSD,20260127,1600,5090.57,5103.07,5083.06,5087.30,3259490
XAUUSD,20260127,1700,5087.27,5093.85,5076.56,5081.01,3116870
XAUUSD,20260127,1800,5081.03,5095.41,5076.14,5087.85,2684190
XAUUSD,20260127,1900,5087.88,5099.88,5080.88,5098.74,1897780
XAUUSD,20260127,2000,5098.72,5182.19,5097.74,5176.55,5021060
XAUUSD,20260127,2100,5176.75,5190.23,5168.85,5178.68,2374260
XAUUSD,20260127,2300,5178.73,5184.00,5158.52,5171.90,1860670
XAUUSD,20260128,0000,5171.98,5179.93,5157.11,5171.86,1910640
XAUUSD,20260128,0100,5171.65,5224.98,5168.44,5204.27,4286370
XAUUSD,20260128,0200,5204.31,5234.41,5201.38,5231.81,3285250
XAUUSD,20260128,0300,5231.45,5247.48,5224.27,5234.94,2824620
XAUUSD,20260128,0400,5234.85,5248.76,5232.10,5245.39,1819760
XAUUSD,20260128,0500,5245.40,5266.40,5241.32,5261.14,2321740
XAUUSD,20260128,0600,5261.19,5271.19,5251.69,5269.80,2402930
XAUUSD,20260128,0700,5269.64,5292.56,5262.77,5290.34,2458660
XAUUSD,20260128,0800,5290.28,5311.24,5280.39,5293.35,2921690
XAUUSD,20260128,0900,5293.38,5297.20,5262.91,5278.06,2505370
XAUUSD,20260128,1000,5278.10,5285.52,5269.24,5269.82,1987050
XAUUSD,20260128,1100,5269.85,5270.63,5238.35,5261.38,2706080
XAUUSD,20260128,1200,5261.39,5279.11,5251.52,5279.02,2852550
XAUUSD,20260128,1300,5278.97,5289.23,5256.64,5266.30,4602810
XAUUSD,20260128,1400,5266.57,5288.24,5248.53,5285.94,3854580
XAUUSD,20260128,1500,5285.46,5298.13,5235.24,5278.09,5512110
XAUUSD,20260128,1600,5278.05,5300.01,5274.26,5299.65,3814100
XAUUSD,20260128,1700,5299.59,5306.80,5282.94,5297.85,3349680
XAUUSD,20260128,1800,5298.22,5325.76,5268.24,5279.25,4746990
XAUUSD,20260128,1900,5279.26,5331.60,5269.16,5325.10,5071950
XAUUSD,20260128,2000,5324.89,5391.19,5320.95,5376.44,4758930
XAUUSD,20260128,2100,5376.56,5418.94,5376.55,5414.57,2510810
XAUUSD,20260128,2300,5417.10,5596.81,5417.10,5512.26,4920460
XAUUSD,20260129,0000,5512.80,5526.69,5452.31,5519.90,3644210
XAUUSD,20260129,0100,5519.86,5551.31,5444.35,5545.40,4524660
XAUUSD,20260129,0200,5545.35,5549.85,5503.85,5535.56,3765700
XAUUSD,20260129,0300,5535.63,5548.78,5507.84,5545.65,3119930
XAUUSD,20260129,0400,5545.64,5564.34,5532.98,5557.85,2433480
XAUUSD,20260129,0500,5557.45,5564.23,5515.48,5562.30,2996180
XAUUSD,20260129,0600,5562.48,5595.27,5554.52,5561.06,4144110
XAUUSD,20260129,0700,5561.02,5574.84,5536.57,5548.76,4033150
XAUUSD,20260129,0800,5548.73,5554.59,5472.97,5509.65,3978520
XAUUSD,20260129,0900,5509.36,5529.60,5497.57,5513.72,2618120
XAUUSD,20260129,1000,5513.76,5525.30,5482.23,5483.27,2366160
XAUUSD,20260129,1100,5483.63,5528.69,5470.55,5522.44,2912020
XAUUSD,20260129,1200,5522.43,5542.84,5518.31,5533.91,2745410
XAUUSD,20260129,1300,5533.95,5540.93,5499.63,5510.15,4139890
XAUUSD,20260129,1400,5510.32,5549.34,5490.77,5496.05,5042280
XAUUSD,20260129,1500,5496.06,5496.06,5098.77,5181.85,5456290
XAUUSD,20260129,1600,5181.82,5310.81,5171.45,5263.77,5129940
XAUUSD,20260129,1700,5263.72,5375.26,5263.72,5334.39,5384530
XAUUSD,20260129,1800,5334.48,5361.52,5306.82,5338.63,4716440
XAUUSD,20260129,1900,5338.63,5344.94,5289.65,5305.39,4589430
XAUUSD,20260129,2000,5305.40,5406.78,5282.34,5393.56,4307610
XAUUSD,20260129,2100,5393.60,5425.16,5370.00,5378.81,3583480
XAUUSD,20260129,2300,5384.57,5447.65,5376.10,5437.99,2254870
XAUUSD,20260130,0000,5437.99,5450.74,5389.24,5406.81,2464420
XAUUSD,20260130,0100,5407.27,5409.27,5290.00,5300.13,5215730
XAUUSD,20260130,0200,5300.10,5312.10,5111.40,5223.89,6501130
XAUUSD,20260130,0300,5223.80,5228.65,5150.23,5195.41,4414250
XAUUSD,20260130,0400,5195.34,5229.99,5192.76,5214.55,3026940
XAUUSD,20260130,0500,5213.51,5240.86,5179.19,5184.03,3057130
XAUUSD,20260130,0600,5184.11,5204.84,5145.10,5155.39,4243490
XAUUSD,20260130,0700,5155.36,5185.66,5117.20,5180.81,4819160
XAUUSD,20260130,0800,5180.81,5180.81,5051.78,5116.45,5376050
XAUUSD,20260130,0900,5116.53,5132.27,4940.90,5012.36,7776350
XAUUSD,20260130,1000,5012.35,5121.35,4999.38,5118.77,5593670
XAUUSD,20260130,1100,5118.28,5144.29,5087.22,5135.28,4746290
XAUUSD,20260130,1200,5135.28,5145.44,5054.19,5063.55,5587980
XAUUSD,20260130,1300,5063.55,5099.26,4990.88,5018.97,6936040
XAUUSD,20260130,1400,5018.81,5112.26,5013.82,5031.82,8050160
XAUUSD,20260130,1500,5031.70,5073.41,4979.73,5050.05,6849040
XAUUSD,20260130,1600,5050.03,5051.53,4943.19,4984.47,6108750
XAUUSD,20260130,1700,4984.52,4985.52,4799.46,4848.90,7947320
XAUUSD,20260130,1800,4848.80,4892.36,4679.73,4877.50,6847020
XAUUSD,20260130,1900,4877.80,4947.48,4841.81,4931.93,4786480
XAUUSD,20260130,2000,4931.98,4932.24,4806.43,4846.81,5786480
XAUUSD,20260130,2100,4846.30,4895.61,4830.88,4895.12,3491430
