UTC,Open,High,Low,Close,Volume
01.07.2024 00:00:00.000 UTC,160.922,161.186,160.737,160.991,14810.86
01.07.2024 01:00:00.000 UTC,160.992,161.035,160.838,160.921,19444.25
01.07.2024 02:00:00.000 UTC,160.924,160.938,160.838,160.896,9572.02
01.07.2024 03:00:00.000 UTC,160.896,161.072,160.896,161.05,9378.06
01.07.2024 04:00:00.000 UTC,161.049,161.083,160.974,161.072,7519.34
01.07.2024 05:00:00.000 UTC,161.076,161.121,160.994,161.037,5937.9
01.07.2024 06:00:00.000 UTC,161.035,161.051,160.903,160.903,14657.6
01.07.2024 07:00:00.000 UTC,160.902,161.073,160.867,161.012,21289.92
01.07.2024 08:00:00.000 UTC,161.013,161.091,160.95,161.009,10608.97
01.07.2024 09:00:00.000 UTC,161.009,161.073,160.969,161.066,5681.74
01.07.2024 10:00:00.000 UTC,161.065,161.148,161.032,161.123,6955.53
01.07.2024 11:00:00.000 UTC,161.125,161.134,161.074,161.099,3655.41
01.07.2024 12:00:00.000 UTC,161.1,161.389,161.099,161.352,14418.47
01.07.2024 13:00:00.000 UTC,161.353,161.456,161.275,161.344,22463.08
01.07.2024 14:00:00.000 UTC,161.344,161.667,160.959,161.655,33351.28
01.07.2024 15:00:00.000 UTC,161.654,161.728,161.533,161.557,17900.76
01.07.2024 16:00:00.000 UTC,161.556,161.598,161.475,161.521,7630.05
01.07.2024 17:00:00.000 UTC,161.519,161.519,161.404,161.498,5901.05
01.07.2024 18:00:00.000 UTC,161.496,161.565,161.468,161.518,6351.15
01.07.2024 19:00:00.000 UTC,161.519,161.521,161.458,161.473,10825.92
01.07.2024 20:00:00.000 UTC,161.475,161.486,161.404,161.421,3035.34
01.07.2024 21:00:00.000 UTC,161.421,161.539,161.363,161.445,1275.15
01.07.2024 22:00:00.000 UTC,161.443,161.49,161.404,161.433,2976.54
01.07.2024 23:00:00.000 UTC,161.433,161.517,161.417,161.513,3103.8
02.07.2024 00:00:00.000 UTC,161.513,161.641,161.502,161.524,8130.86
02.07.2024 01:00:00.000 UTC,161.521,161.663,161.458,161.635,10076.23
02.07.2024 02:00:00.000 UTC,161.637,161.638,161.534,161.617,9242.69
02.07.2024 03:00:00.000 UTC,161.618,161.678,161.616,161.659,5287.97
02.07.2024 04:00:00.000 UTC,161.66,161.742,161.594,161.677,8178.25
02.07.2024 05:00:00.000 UTC,161.676,161.726,161.625,161.708,3515.68
02.07.2024 06:00:00.000 UTC,161.704,161.722,161.587,161.674,11255.18
02.07.2024 07:00:00.000 UTC,161.673,161.718,161.597,161.658,12682.22
02.07.2024 08:00:00.000 UTC,161.657,161.695,161.556,161.589,12850.6
02.07.2024 09:00:00.000 UTC,161.589,161.667,161.561,161.666,4248.39
02.07.2024 10:00:00.000 UTC,161.667,161.688,161.602,161.611,4577.44
02.07.2024 11:00:00.000 UTC,161.61,161.672,161.589,161.623,3488
02.07.2024 12:00:00.000 UTC,161.623,161.623,161.48,161.511,12145.66
02.07.2024 13:00:00.000 UTC,161.512,161.552,161.266,161.377,23244.36
02.07.2024 14:00:00.000 UTC,161.375,161.621,161.3,161.439,29113.03
02.07.2024 15:00:00.000 UTC,161.438,161.559,161.408,161.534,7425.74
02.07.2024 16:00:00.000 UTC,161.535,161.603,161.532,161.574,4900.15
02.07.2024 17:00:00.000 UTC,161.576,161.586,161.512,161.523,4515.21
02.07.2024 18:00:00.000 UTC,161.524,161.531,161.454,161.49,6748.29
02.07.2024 19:00:00.000 UTC,161.489,161.496,161.422,161.457,4528.05
02.07.2024 20:00:00.000 UTC,161.455,161.478,161.407,161.41,2231.84
02.07.2024 21:00:00.000 UTC,161.411,161.46,161.388,161.426,1637.16
02.07.2024 22:00:00.000 UTC,161.422,161.45,161.381,161.42,2036.46
02.07.2024 23:00:00.000 UTC,161.422,161.523,161.416,161.488,3247.04
03.07.2024 00:00:00.000 UTC,161.489,161.579,161.442,161.563,10713.89
03.07.2024 01:00:00.000 UTC,161.563,161.642,161.519,161.629,6527.74
03.07.2024 02:00:00.000 UTC,161.629,161.647,161.564,161.644,5945.55
03.07.2024 03:00:00.000 UTC,161.644,161.655,161.619,161.629,4358.61
03.07.2024 04:00:00.000 UTC,161.628,161.74,161.609,161.714,7544.79
03.07.2024 05:00:00.000 UTC,161.714,161.893,161.698,161.868,8119.34
03.07.2024 06:00:00.000 UTC,161.867,161.938,161.671,161.809,13252.72
03.07.2024 07:00:00.000 UTC,161.811,161.9,161.723,161.766,14170.82
03.07.2024 08:00:00.000 UTC,161.766,161.855,161.759,161.845,14019.87
03.07.2024 09:00:00.000 UTC,161.845,161.895,161.799,161.866,9267.51
03.07.2024 10:00:00.000 UTC,161.866,161.949,161.845,161.936,8102.49
03.07.2024 11:00:00.000 UTC,161.938,161.949,161.893,161.919,8877.39
03.07.2024 12:00:00.000 UTC,161.921,161.931,161.793,161.821,11195.01
03.07.2024 13:00:00.000 UTC,161.82,161.83,161.595,161.694,19717.83
03.07.2024 14:00:00.000 UTC,161.681,161.681,160.768,161.331,40057.88
03.07.2024 15:00:00.000 UTC,161.332,161.543,161.265,161.481,20621
03.07.2024 16:00:00.000 UTC,161.481,161.573,161.401,161.534,14250.13
03.07.2024 17:00:00.000 UTC,161.537,161.558,161.484,161.484,4952.7
03.07.2024 18:00:00.000 UTC,161.488,161.703,161.466,161.664,7777.9
03.07.2024 19:00:00.000 UTC,161.661,161.738,161.635,161.702,3386.43
03.07.2024 20:00:00.000 UTC,161.704,161.75,161.64,161.683,2477.4
03.07.2024 21:00:00.000 UTC,161.647,161.656,161.523,161.543,1920.3
03.07.2024 22:00:00.000 UTC,161.541,161.633,161.521,161.599,1620.81
03.07.2024 23:00:00.000 UTC,161.599,161.673,161.572,161.586,3205.75
04.07.2024 00:00:00.000 UTC,161.585,161.601,161.37,161.439,10424.01
04.07.2024 01:00:00.000 UTC,161.441,161.463,161.134,161.37,18957.77
04.07.2024 02:00:00.000 UTC,161.369,161.451,161.318,161.447,4416.12
04.07.2024 03:00:00.000 UTC,161.449,161.562,161.38,161.53,4822.35
04.07.2024 04:00:00.000 UTC,161.531,161.572,161.467,161.498,3090.46
04.07.2024 05:00:00.000 UTC,161.497,161.552,161.448,161.48,4242.28
04.07.2024 06:00:00.000 UTC,161.48,161.481,161.335,161.349,10234.49
04.07.2024 07:00:00.000 UTC,161.349,161.456,161.265,161.281,11107.43
04.07.2024 08:00:00.000 UTC,161.281,161.324,161.192,161.243,13496.73
04.07.2024 09:00:00.000 UTC,161.244,161.308,161.242,161.253,9357.95
04.07.2024 10:00:00.000 UTC,161.252,161.262,161.054,161.062,4365.61
04.07.2024 11:00:00.000 UTC,161.061,161.097,160.946,161.001,11207.5
04.07.2024 12:00:00.000 UTC,160.999,161.18,160.947,161.136,13970.4
04.07.2024 13:00:00.000 UTC,161.137,161.194,161.093,161.158,5161.92
04.07.2024 14:00:00.000 UTC,161.157,161.183,160.962,161.06,9649.35
04.07.2024 15:00:00.000 UTC,161.059,161.167,161.055,161.139,5770.76
04.07.2024 16:00:00.000 UTC,161.141,161.171,161.114,161.131,2625.95
04.07.2024 17:00:00.000 UTC,161.133,161.152,161.11,161.152,1843.05
04.07.2024 18:00:00.000 UTC,161.152,161.254,161.152,161.245,3453.78
04.07.2024 19:00:00.000 UTC,161.243,161.246,161.17,161.211,4283.94
04.07.2024 20:00:00.000 UTC,161.212,161.323,161.21,161.212,5475.93
04.07.2024 21:00:00.000 UTC,161.225,161.299,161.191,161.222,3222.05
04.07.2024 22:00:00.000 UTC,161.222,161.285,161.191,161.269,2874.76
04.07.2024 23:00:00.000 UTC,161.268,161.395,161.257,161.36,3639.51
05.07.2024 00:00:00.000 UTC,161.361,161.394,160.82,161.073,12222.88
05.07.2024 01:00:00.000 UTC,161.073,161.143,160.878,161.014,13848.31
05.07.2024 02:00:00.000 UTC,161.015,161.065,160.927,160.961,8528.52
05.07.2024 03:00:00.000 UTC,160.964,160.984,160.53,160.614,11896.73
05.07.2024 04:00:00.000 UTC,160.613,160.672,160.53,160.643,5743
05.07.2024 05:00:00.000 UTC,160.643,160.783,160.641,160.679,5719.68
05.07.2024 06:00:00.000 UTC,160.677,160.802,160.57,160.769,8655.71
05.07.2024 07:00:00.000 UTC,160.77,160.852,160.651,160.771,14053.43
05.07.2024 08:00:00.000 UTC,160.77,160.823,160.632,160.737,11238.23
05.07.2024 09:00:00.000 UTC,160.734,160.766,160.613,160.697,7955.48
05.07.2024 10:00:00.000 UTC,160.698,160.832,160.651,160.801,5711.03
05.07.2024 11:00:00.000 UTC,160.803,160.88,160.771,160.82,7450.95
05.07.2024 12:00:00.000 UTC,160.819,161.159,160.33,160.942,32865.34
05.07.2024 13:00:00.000 UTC,160.941,161.326,160.78,161.264,31896.93
05.07.2024 14:00:00.000 UTC,161.264,161.329,160.896,160.962,21550.12
05.07.2024 15:00:00.000 UTC,160.961,161.019,160.629,160.731,18493.01
05.07.2024 16:00:00.000 UTC,160.73,160.948,160.706,160.885,11238.31
05.07.2024 17:00:00.000 UTC,160.883,160.91,160.81,160.848,8909.79
05.07.2024 18:00:00.000 UTC,160.849,160.849,160.708,160.719,10876.74
05.07.2024 19:00:00.000 UTC,160.719,160.773,160.708,160.766,6967.26
05.07.2024 20:00:00.000 UTC,160.766,160.837,160.715,160.719,3867.6
07.07.2024 21:00:00.000 UTC,160.721,160.819,160.67,160.745,805.2
07.07.2024 22:00:00.000 UTC,160.757,160.773,160.661,160.767,5195.29
07.07.2024 23:00:00.000 UTC,160.767,160.813,160.575,160.638,8728.2
08.07.2024 00:00:00.000 UTC,160.637,160.73,160.561,160.61,19707.52
08.07.2024 01:00:00.000 UTC,160.61,160.714,160.39,160.41,18627.57
08.07.2024 02:00:00.000 UTC,160.411,160.48,160.26,160.369,16301.85
08.07.2024 03:00:00.000 UTC,160.371,160.553,160.354,160.486,9996.53
08.07.2024 04:00:00.000 UTC,160.486,160.579,160.472,160.538,8365.75
08.07.2024 05:00:00.000 UTC,160.539,160.698,160.528,160.696,9977.02
08.07.2024 06:00:00.000 UTC,160.696,160.865,160.539,160.835,20463.1
08.07.2024 07:00:00.000 UTC,160.834,160.956,160.781,160.897,22828.44
08.07.2024 08:00:00.000 UTC,160.899,161.117,160.886,161.091,11150.08
08.07.2024 09:00:00.000 UTC,161.092,161.101,161.003,161.037,13180.68
08.07.2024 10:00:00.000 UTC,161.036,161.037,160.919,160.934,10822.98
08.07.2024 11:00:00.000 UTC,160.935,161.056,160.868,161.012,10457.1
08.07.2024 12:00:00.000 UTC,161.011,161.02,160.663,160.689,24057.04
08.07.2024 13:00:00.000 UTC,160.691,160.811,160.587,160.657,27486
08.07.2024 14:00:00.000 UTC,160.655,160.659,160.474,160.615,17677.12
08.07.2024 15:00:00.000 UTC,160.616,160.815,160.592,160.777,23396.55
08.07.2024 16:00:00.000 UTC,160.777,160.792,160.729,160.729,11523.51
08.07.2024 17:00:00.000 UTC,160.729,160.745,160.69,160.719,8442.96
08.07.2024 18:00:00.000 UTC,160.719,160.818,160.713,160.788,12211.95
08.07.2024 19:00:00.000 UTC,160.789,160.797,160.737,160.791,9991.11
08.07.2024 20:00:00.000 UTC,160.793,160.835,160.773,160.796,1606.46
08.07.2024 21:00:00.000 UTC,160.796,160.807,160.756,160.764,404.19
08.07.2024 22:00:00.000 UTC,160.764,160.812,160.764,160.785,1668.5
08.07.2024 23:00:00.000 UTC,160.786,160.872,160.728,160.859,4670.45
09.07.2024 00:00:00.000 UTC,160.859,160.919,160.763,160.892,14825.58
09.07.2024 01:00:00.000 UTC,160.891,161.019,160.853,160.978,8653.51
09.07.2024 02:00:00.000 UTC,160.976,161.131,160.955,161.003,11642.78
09.07.2024 03:00:00.000 UTC,161.003,161.098,160.908,161.05,9373.94
09.07.2024 04:00:00.000 UTC,161.051,161.06,160.903,160.96,11472.84
09.07.2024 05:00:00.000 UTC,160.96,161.002,160.903,160.904,9290.2
09.07.2024 06:00:00.000 UTC,160.903,160.932,160.795,160.825,10098.39
09.07.2024 07:00:00.000 UTC,160.825,160.942,160.739,160.924,12821.89
09.07.2024 08:00:00.000 UTC,160.922,161.077,160.887,161.052,10762.46
09.07.2024 09:00:00.000 UTC,161.052,161.077,160.973,161.045,9077.52
09.07.2024 10:00:00.000 UTC,161.045,161.053,160.958,161.015,11001.07
09.07.2024 11:00:00.000 UTC,161.015,161.178,161.015,161.119,5401.72
09.07.2024 12:00:00.000 UTC,161.118,161.162,161.028,161.128,8085
09.07.2024 13:00:00.000 UTC,161.129,161.147,160.972,161.015,14967.92
09.07.2024 14:00:00.000 UTC,161.016,161.384,160.891,161.361,45503.32
09.07.2024 15:00:00.000 UTC,161.362,161.515,161.306,161.398,16365.47
09.07.2024 16:00:00.000 UTC,161.398,161.405,161.311,161.322,11904.62
09.07.2024 17:00:00.000 UTC,161.319,161.339,161.227,161.316,11532.58
09.07.2024 18:00:00.000 UTC,161.316,161.338,161.265,161.312,6517.11
09.07.2024 19:00:00.000 UTC,161.311,161.311,161.252,161.284,6890.58
09.07.2024 20:00:00.000 UTC,161.287,161.316,161.268,161.27,2146.17
09.07.2024 21:00:00.000 UTC,161.276,161.289,161.244,161.271,802.89
09.07.2024 22:00:00.000 UTC,161.268,161.34,161.254,161.325,1740.26
09.07.2024 23:00:00.000 UTC,161.325,161.365,161.317,161.33,4352.28
10.07.2024 00:00:00.000 UTC,161.329,161.512,161.301,161.466,10003.85
10.07.2024 01:00:00.000 UTC,161.466,161.584,161.451,161.537,4734.99
10.07.2024 02:00:00.000 UTC,161.537,161.591,161.475,161.506,6708.81
10.07.2024 03:00:00.000 UTC,161.505,161.506,161.402,161.43,5055.23
10.07.2024 04:00:00.000 UTC,161.43,161.471,161.407,161.442,5581.55
10.07.2024 05:00:00.000 UTC,161.441,161.561,161.427,161.499,5790.35
10.07.2024 06:00:00.000 UTC,161.499,161.5,161.354,161.366,11576.83
10.07.2024 07:00:00.000 UTC,161.365,161.5,161.339,161.496,18964.81
10.07.2024 08:00:00.000 UTC,161.496,161.536,161.425,161.511,14435.79
10.07.2024 09:00:00.000 UTC,161.513,161.611,161.512,161.584,13850.18
10.07.2024 10:00:00.000 UTC,161.585,161.606,161.504,161.543,13620.7
10.07.2024 11:00:00.000 UTC,161.545,161.548,161.454,161.482,11466.42
10.07.2024 12:00:00.000 UTC,161.482,161.511,161.429,161.449,9793.92
10.07.2024 13:00:00.000 UTC,161.45,161.6,161.426,161.597,13522.21
10.07.2024 14:00:00.000 UTC,161.597,161.685,161.541,161.66,20500.66
10.07.2024 15:00:00.000 UTC,161.661,161.753,161.626,161.737,14809.38
10.07.2024 16:00:00.000 UTC,161.736,161.743,161.655,161.689,8411.37
10.07.2024 17:00:00.000 UTC,161.69,161.765,161.647,161.746,10226.29
10.07.2024 18:00:00.000 UTC,161.745,161.804,161.744,161.775,6072.49
10.07.2024 19:00:00.000 UTC,161.778,161.788,161.731,161.734,6335.61
10.07.2024 20:00:00.000 UTC,161.734,161.749,161.662,161.664,3106.61
10.07.2024 21:00:00.000 UTC,161.664,161.664,161.553,161.564,311.13
10.07.2024 22:00:00.000 UTC,161.565,161.628,161.565,161.594,1787.94
10.07.2024 23:00:00.000 UTC,161.592,161.638,161.555,161.592,1513.78
11.07.2024 00:00:00.000 UTC,161.594,161.614,161.476,161.564,7574.83
11.07.2024 01:00:00.000 UTC,161.564,161.66,161.556,161.583,7233.41
11.07.2024 02:00:00.000 UTC,161.582,161.666,161.534,161.653,4520.38
11.07.2024 03:00:00.000 UTC,161.651,161.682,161.619,161.634,8630.64
11.07.2024 04:00:00.000 UTC,161.637,161.692,161.619,161.685,5578.68
11.07.2024 05:00:00.000 UTC,161.686,161.718,161.665,161.692,6309.95
11.07.2024 06:00:00.000 UTC,161.695,161.75,161.688,161.729,8732.11
11.07.2024 07:00:00.000 UTC,161.732,161.758,161.54,161.633,14163
11.07.2024 08:00:00.000 UTC,161.633,161.633,161.502,161.531,7770.5
11.07.2024 09:00:00.000 UTC,161.531,161.556,161.471,161.548,6383.31
11.07.2024 10:00:00.000 UTC,161.546,161.582,161.506,161.546,7169.55
11.07.2024 11:00:00.000 UTC,161.547,161.589,161.534,161.538,5488.14
11.07.2024 12:00:00.000 UTC,161.538,161.621,158.352,158.638,45971.44
11.07.2024 13:00:00.000 UTC,158.646,158.968,157.409,158.598,60521.8
11.07.2024 14:00:00.000 UTC,158.597,158.792,158.349,158.554,29075.68
11.07.2024 15:00:00.000 UTC,158.554,158.635,158.451,158.582,15273.83
11.07.2024 16:00:00.000 UTC,158.582,158.644,158.532,158.567,10611.42
11.07.2024 17:00:00.000 UTC,158.568,158.893,158.554,158.808,9178.84
11.07.2024 18:00:00.000 UTC,158.806,158.871,158.709,158.735,9881.97
11.07.2024 19:00:00.000 UTC,158.735,158.832,158.729,158.821,10739.69
11.07.2024 20:00:00.000 UTC,158.824,158.913,158.768,158.775,4049.59
11.07.2024 21:00:00.000 UTC,158.808,158.939,158.798,158.932,549.12
11.07.2024 22:00:00.000 UTC,158.939,159.281,158.9,159.26,8071.71
11.07.2024 23:00:00.000 UTC,159.261,159.445,157.747,158.273,27364.15
12.07.2024 00:00:00.000 UTC,158.275,159.132,157.974,159.077,26966.48
12.07.2024 01:00:00.000 UTC,159.075,159.383,159.065,159.359,16266.36
12.07.2024 02:00:00.000 UTC,159.358,159.384,158.749,159.307,12163.45
12.07.2024 03:00:00.000 UTC,159.304,159.333,159.15,159.231,9310.42
12.07.2024 04:00:00.000 UTC,159.23,159.234,159.028,159.109,8438.04
12.07.2024 05:00:00.000 UTC,159.109,159.137,158.866,159.038,9997.64
12.07.2024 06:00:00.000 UTC,159.036,159.214,158.956,159.135,11991.4
12.07.2024 07:00:00.000 UTC,159.135,159.318,159.112,159.217,9612.78
12.07.2024 08:00:00.000 UTC,159.218,159.262,159.03,159.102,9611.8
12.07.2024 09:00:00.000 UTC,159.102,159.217,159.044,159.176,8367.16
12.07.2024 10:00:00.000 UTC,159.176,159.254,159.111,159.111,6039.62
12.07.2024 11:00:00.000 UTC,159.11,159.141,158.934,158.972,7845.12
12.07.2024 12:00:00.000 UTC,158.974,159.155,158.508,158.808,37944.56
12.07.2024 13:00:00.000 UTC,158.807,158.84,157.359,158.299,44883.17
12.07.2024 14:00:00.000 UTC,158.298,158.349,157.387,157.716,40249.7
12.07.2024 15:00:00.000 UTC,157.716,158.092,157.505,157.901,20518.41
12.07.2024 16:00:00.000 UTC,157.902,158.021,157.841,157.873,11927.67
12.07.2024 17:00:00.000 UTC,157.874,158.013,157.861,157.978,5569.51
12.07.2024 18:00:00.000 UTC,157.979,157.991,157.863,157.917,10302.54
12.07.2024 19:00:00.000 UTC,157.918,157.925,157.796,157.834,4612.75
12.07.2024 20:00:00.000 UTC,157.838,157.943,157.7,157.7,3396.13
14.07.2024 21:00:00.000 UTC,158.068,158.17,158.056,158.145,448.14
14.07.2024 22:00:00.000 UTC,158.145,158.386,157.979,158.339,5611.06
14.07.2024 23:00:00.000 UTC,158.339,158.419,158.169,158.287,9310.17
15.07.2024 00:00:00.000 UTC,158.286,158.365,157.989,158.113,16859.11
15.07.2024 01:00:00.000 UTC,158.111,158.239,157.95,158.05,17316.3
15.07.2024 02:00:00.000 UTC,158.05,158.137,157.912,158.033,11799.58
15.07.2024 03:00:00.000 UTC,158.033,158.033,157.91,157.97,10370.65
15.07.2024 04:00:00.000 UTC,157.97,158.031,157.954,157.992,7291.98
15.07.2024 05:00:00.000 UTC,157.994,157.996,157.831,157.956,10052.45
15.07.2024 06:00:00.000 UTC,157.952,158.236,157.872,158.106,16623.97
15.07.2024 07:00:00.000 UTC,158.105,158.125,157.842,157.929,24058.81
15.07.2024 08:00:00.000 UTC,157.926,157.966,157.781,157.818,21806.27
15.07.2024 09:00:00.000 UTC,157.817,157.98,157.749,157.963,17599.52
15.07.2024 10:00:00.000 UTC,157.963,158.105,157.936,157.952,16888.74
15.07.2024 11:00:00.000 UTC,157.953,158.173,157.897,158.114,13021.73
15.07.2024 12:00:00.000 UTC,158.114,158.162,157.937,157.961,21333.29
15.07.2024 13:00:00.000 UTC,157.96,158.067,157.872,157.939,17286.88
15.07.2024 14:00:00.000 UTC,157.939,157.95,157.835,157.86,21673.94
15.07.2024 15:00:00.000 UTC,157.86,157.92,157.81,157.89,14273.05
15.07.2024 16:00:00.000 UTC,157.891,157.96,157.163,157.712,18415.87
15.07.2024 17:00:00.000 UTC,157.713,158.02,157.711,157.919,18491.11
15.07.2024 18:00:00.000 UTC,157.918,157.937,157.842,157.852,11707.48
15.07.2024 19:00:00.000 UTC,157.853,157.982,157.835,157.919,6060.06
15.07.2024 20:00:00.000 UTC,157.923,158.148,157.881,158.012,3383.28
15.07.2024 21:00:00.000 UTC,157.989,158.101,157.952,158.061,692.31
15.07.2024 22:00:00.000 UTC,158.063,158.155,158.053,158.122,3027.2
15.07.2024 23:00:00.000 UTC,158.122,158.251,158.062,158.15,5452.63
16.07.2024 00:00:00.000 UTC,158.15,158.393,158.104,158.365,15063.83
16.07.2024 01:00:00.000 UTC,158.362,158.632,158.353,158.527,14045.4
16.07.2024 02:00:00.000 UTC,158.528,158.725,158.511,158.693,9888.35
16.07.2024 03:00:00.000 UTC,158.693,158.708,158.589,158.632,8771.4
16.07.2024 04:00:00.000 UTC,158.633,158.725,158.613,158.636,6370.24
16.07.2024 05:00:00.000 UTC,158.637,158.787,158.637,158.727,11779.04
16.07.2024 06:00:00.000 UTC,158.726,158.745,158.465,158.571,14356.17
16.07.2024 07:00:00.000 UTC,158.572,158.574,158.355,158.495,21870.99
16.07.2024 08:00:00.000 UTC,158.496,158.59,158.445,158.468,18571.13
16.07.2024 09:00:00.000 UTC,158.471,158.496,158.334,158.409,15051.28
16.07.2024 10:00:00.000 UTC,158.409,158.449,158.346,158.432,8287.42
16.07.2024 11:00:00.000 UTC,158.431,158.457,158.32,158.343,10843.05
16.07.2024 12:00:00.000 UTC,158.343,158.854,158.252,158.755,29482.96
16.07.2024 13:00:00.000 UTC,158.753,158.804,158.529,158.635,25159.75
16.07.2024 14:00:00.000 UTC,158.634,158.742,158.58,158.588,18627.69
16.07.2024 15:00:00.000 UTC,158.589,158.649,158.536,158.573,16394.58
16.07.2024 16:00:00.000 UTC,158.572,158.631,158.514,158.543,8917.5
16.07.2024 17:00:00.000 UTC,158.542,158.555,158.43,158.47,11748.24
16.07.2024 18:00:00.000 UTC,158.472,158.474,158.335,158.352,7335.97
16.07.2024 19:00:00.000 UTC,158.351,158.432,158.32,158.387,6811.96
16.07.2024 20:00:00.000 UTC,158.386,158.407,158.294,158.318,3395.97
16.07.2024 21:00:00.000 UTC,158.307,158.34,158.259,158.312,1659.51
16.07.2024 22:00:00.000 UTC,158.31,158.387,158.298,158.334,4395.9
16.07.2024 23:00:00.000 UTC,158.335,158.371,158.297,158.36,6252.69
17.07.2024 00:00:00.000 UTC,158.361,158.535,158.306,158.487,14977.9
17.07.2024 01:00:00.000 UTC,158.486,158.624,158.43,158.471,11275.77
17.07.2024 02:00:00.000 UTC,158.471,158.475,158.358,158.415,6741.29
17.07.2024 03:00:00.000 UTC,158.415,158.45,158.322,158.376,5137.96
17.07.2024 04:00:00.000 UTC,158.376,158.386,158.218,158.218,10713.73
17.07.2024 05:00:00.000 UTC,158.217,158.232,157.868,157.893,17466.1
17.07.2024 06:00:00.000 UTC,157.891,158.09,157.702,157.815,27650.82
17.07.2024 07:00:00.000 UTC,157.815,157.831,157.009,157.072,42217.19
17.07.2024 08:00:00.000 UTC,157.07,157.097,156.099,156.242,39707.42
17.07.2024 09:00:00.000 UTC,156.241,156.593,156.102,156.415,33782.85
17.07.2024 10:00:00.000 UTC,156.412,156.734,156.226,156.734,27642.12
17.07.2024 11:00:00.000 UTC,156.736,156.794,156.355,156.509,24696.64
17.07.2024 12:00:00.000 UTC,156.51,156.741,156.461,156.56,26911.87
17.07.2024 13:00:00.000 UTC,156.56,156.623,156.149,156.278,38404.49
17.07.2024 14:00:00.000 UTC,156.28,156.633,156.255,156.498,33179.96
17.07.2024 15:00:00.000 UTC,156.497,156.636,156.484,156.565,21255.07
17.07.2024 16:00:00.000 UTC,156.566,156.594,156.195,156.299,22790.84
17.07.2024 17:00:00.000 UTC,156.299,156.474,156.187,156.462,15668.52
17.07.2024 18:00:00.000 UTC,156.462,156.488,156.088,156.101,18093.14
17.07.2024 19:00:00.000 UTC,156.098,156.233,156.059,156.185,11141.61
17.07.2024 20:00:00.000 UTC,156.184,156.344,156.144,156.177,2880.44
17.07.2024 21:00:00.000 UTC,156.169,156.195,156.122,156.147,1423.8
17.07.2024 22:00:00.000 UTC,156.146,156.271,155.993,156.159,12386.77
17.07.2024 23:00:00.000 UTC,156.155,156.204,155.37,155.675,30862.59
18.07.2024 00:00:00.000 UTC,155.675,155.833,155.457,155.737,27299.4
18.07.2024 01:00:00.000 UTC,155.738,156.299,155.719,156.256,21862.59
18.07.2024 02:00:00.000 UTC,156.255,156.441,156.19,156.312,19402.3
18.07.2024 03:00:00.000 UTC,156.312,156.572,156.294,156.435,11618.1
18.07.2024 04:00:00.000 UTC,156.434,156.536,156.177,156.341,16071.84
18.07.2024 05:00:00.000 UTC,156.341,156.45,155.796,156.032,18425.47
18.07.2024 06:00:00.000 UTC,156.03,156.409,155.989,156.12,26990.48
18.07.2024 07:00:00.000 UTC,156.126,156.255,155.915,156.248,35245.08
18.07.2024 08:00:00.000 UTC,156.246,156.586,156.172,156.464,28957.65
18.07.2024 09:00:00.000 UTC,156.464,156.501,156.303,156.485,27064.28
18.07.2024 10:00:00.000 UTC,156.486,156.496,156.318,156.393,23073.39
18.07.2024 11:00:00.000 UTC,156.395,156.524,156.381,156.494,14242.37
18.07.2024 12:00:00.000 UTC,156.493,156.578,156.181,156.431,29108.79
18.07.2024 13:00:00.000 UTC,156.428,156.691,156.319,156.586,34161.95
18.07.2024 14:00:00.000 UTC,156.588,156.774,156.501,156.756,26206.2
18.07.2024 15:00:00.000 UTC,156.755,156.982,156.695,156.976,20924.06
18.07.2024 16:00:00.000 UTC,156.972,157.156,156.873,157.145,15986.08
18.07.2024 17:00:00.000 UTC,157.145,157.224,157.092,157.187,16305.77
18.07.2024 18:00:00.000 UTC,157.188,157.326,157.15,157.284,13672.92
18.07.2024 19:00:00.000 UTC,157.281,157.397,157.279,157.363,9145.2
18.07.2024 20:00:00.000 UTC,157.366,157.397,157.341,157.359,2262.51
18.07.2024 21:00:00.000 UTC,157.356,157.357,157.323,157.341,512.04
18.07.2024 22:00:00.000 UTC,157.341,157.341,157.248,157.263,6332.98
18.07.2024 23:00:00.000 UTC,157.263,157.282,157.112,157.176,7429.09
19.07.2024 00:00:00.000 UTC,157.176,157.416,157.062,157.209,21797.41
19.07.2024 01:00:00.000 UTC,157.211,157.529,157.198,157.457,13563.15
19.07.2024 02:00:00.000 UTC,157.456,157.52,157.343,157.422,15235.31
19.07.2024 03:00:00.000 UTC,157.422,157.446,157.326,157.374,7258
19.07.2024 04:00:00.000 UTC,157.375,157.481,157.359,157.477,7141.73
19.07.2024 05:00:00.000 UTC,157.476,157.862,157.471,157.769,16015.77
19.07.2024 06:00:00.000 UTC,157.768,157.823,157.132,157.262,19141.61
19.07.2024 07:00:00.000 UTC,157.258,157.554,156.952,157.32,41175.36
19.07.2024 08:00:00.000 UTC,157.318,157.423,157.16,157.26,24474.67
19.07.2024 09:00:00.000 UTC,157.259,157.437,157.145,157.362,10172.68
19.07.2024 10:00:00.000 UTC,157.363,157.574,157.362,157.456,8963.97
19.07.2024 11:00:00.000 UTC,157.455,157.536,157.327,157.467,13583.18
19.07.2024 12:00:00.000 UTC,157.468,157.695,157.423,157.675,21338.5
19.07.2024 13:00:00.000 UTC,157.674,157.698,157.411,157.509,33187.23
19.07.2024 14:00:00.000 UTC,157.51,157.528,157.263,157.338,26523.01
19.07.2024 15:00:00.000 UTC,157.338,157.454,157.277,157.389,21399.39
19.07.2024 16:00:00.000 UTC,157.389,157.44,157.34,157.413,11716.8
19.07.2024 17:00:00.000 UTC,157.411,157.427,157.352,157.415,11204.86
19.07.2024 18:00:00.000 UTC,157.416,157.497,157.402,157.487,7505.41
19.07.2024 19:00:00.000 UTC,157.488,157.524,157.469,157.499,2580.3
19.07.2024 20:00:00.000 UTC,157.497,157.527,157.401,157.475,1963.11
21.07.2024 21:00:00.000 UTC,157.329,157.439,157.252,157.362,492.57
21.07.2024 22:00:00.000 UTC,157.362,157.499,157.229,157.269,5338.05
21.07.2024 23:00:00.000 UTC,157.267,157.428,157.155,157.424,8087.65
22.07.2024 00:00:00.000 UTC,157.423,157.491,157.33,157.424,17260.99
22.07.2024 01:00:00.000 UTC,157.423,157.552,157.348,157.542,15255.23
22.07.2024 02:00:00.000 UTC,157.542,157.61,157.524,157.549,9367.98
22.07.2024 03:00:00.000 UTC,157.55,157.566,157.457,157.48,8113.22
22.07.2024 04:00:00.000 UTC,157.476,157.512,157.392,157.442,10023.36
22.07.2024 05:00:00.000 UTC,157.442,157.442,157.01,157.036,14355.29
22.07.2024 06:00:00.000 UTC,157.037,157.06,156.284,156.447,47455.2
22.07.2024 07:00:00.000 UTC,156.446,156.844,156.343,156.81,38971.93
22.07.2024 08:00:00.000 UTC,156.809,156.96,156.672,156.794,31487.98
22.07.2024 09:00:00.000 UTC,156.794,156.856,156.61,156.691,26464.46
22.07.2024 10:00:00.000 UTC,156.69,156.953,156.555,156.837,19778.08
22.07.2024 11:00:00.000 UTC,156.826,156.898,156.655,156.854,23018.39
22.07.2024 12:00:00.000 UTC,156.854,157.089,156.788,156.792,28081.89
22.07.2024 13:00:00.000 UTC,156.79,156.92,156.692,156.859,28158.98
22.07.2024 14:00:00.000 UTC,156.861,156.954,156.754,156.874,25159.69
22.07.2024 15:00:00.000 UTC,156.875,157.146,156.865,157.086,23056.58
22.07.2024 16:00:00.000 UTC,157.086,157.131,157.031,157.073,13138.62
22.07.2024 17:00:00.000 UTC,157.073,157.151,157.033,157.138,10259.88
22.07.2024 18:00:00.000 UTC,157.136,157.17,157.055,157.063,10159.27
22.07.2024 19:00:00.000 UTC,157.064,157.118,157.059,157.079,7191.54
22.07.2024 20:00:00.000 UTC,157.08,157.098,157,157.001,1710.84
22.07.2024 21:00:00.000 UTC,157.001,157.001,156.864,156.933,417.27
22.07.2024 22:00:00.000 UTC,156.939,157.076,156.93,157.038,3188.78
22.07.2024 23:00:00.000 UTC,157.037,157.101,156.885,156.903,9890.91
23.07.2024 00:00:00.000 UTC,156.901,156.927,156.645,156.656,22314.83
23.07.2024 01:00:00.000 UTC,156.658,156.848,156.579,156.704,17892.1
23.07.2024 02:00:00.000 UTC,156.706,156.766,156.519,156.632,9745.08
23.07.2024 03:00:00.000 UTC,156.636,156.668,156.197,156.279,22683.62
23.07.2024 04:00:00.000 UTC,156.279,156.385,156.205,156.304,16015.8
23.07.2024 05:00:00.000 UTC,156.304,156.449,156.264,156.314,14094.02
23.07.2024 06:00:00.000 UTC,156.315,156.622,156.22,156.586,28713.08
23.07.2024 07:00:00.000 UTC,156.585,156.635,155.929,156.04,41149.93
23.07.2024 08:00:00.000 UTC,156.04,156.133,155.823,156.011,36322.78
23.07.2024 09:00:00.000 UTC,156.011,156.071,155.819,155.944,23461.08
23.07.2024 10:00:00.000 UTC,155.945,156.161,155.919,156.046,19806.44
23.07.2024 11:00:00.000 UTC,156.046,156.189,156.034,156.153,23582.81
23.07.2024 12:00:00.000 UTC,156.154,156.265,155.942,156.027,31524.14
23.07.2024 13:00:00.000 UTC,156.028,156.209,155.987,156.092,31929.95
23.07.2024 14:00:00.000 UTC,156.089,156.196,155.971,155.979,25023.43
23.07.2024 15:00:00.000 UTC,155.982,156.089,155.945,156.021,14621.39
23.07.2024 16:00:00.000 UTC,156.02,156.054,155.694,155.781,11476.32
23.07.2024 17:00:00.000 UTC,155.783,155.805,155.577,155.69,18240.59
23.07.2024 18:00:00.000 UTC,155.689,155.754,155.624,155.628,4937.98
23.07.2024 19:00:00.000 UTC,155.627,155.67,155.589,155.638,6469.2
23.07.2024 20:00:00.000 UTC,155.639,155.649,155.546,155.552,2915.57
23.07.2024 21:00:00.000 UTC,155.552,155.587,155.528,155.582,641.4
23.07.2024 22:00:00.000 UTC,155.581,155.643,155.565,155.636,2817.33
23.07.2024 23:00:00.000 UTC,155.635,155.817,155.628,155.76,7286.41
24.07.2024 00:00:00.000 UTC,155.761,155.99,155.761,155.824,21113.86
24.07.2024 01:00:00.000 UTC,155.825,155.876,155.176,155.246,32965.76
24.07.2024 02:00:00.000 UTC,155.246,155.523,155.229,155.255,18414.39
24.07.2024 03:00:00.000 UTC,155.256,155.292,155.046,155.055,25857.9
24.07.2024 04:00:00.000 UTC,155.054,155.054,154.54,154.609,35455.02
24.07.2024 05:00:00.000 UTC,154.608,154.795,154.351,154.631,24864.21
24.07.2024 06:00:00.000 UTC,154.63,154.688,154.373,154.586,39456.38
24.07.2024 07:00:00.000 UTC,154.585,154.881,154.41,154.591,34835.35
24.07.2024 08:00:00.000 UTC,154.59,154.943,154.547,154.859,19336.93
24.07.2024 09:00:00.000 UTC,154.86,154.932,154.275,154.774,25233.57
24.07.2024 10:00:00.000 UTC,154.775,154.841,154.487,154.561,17332.58
24.07.2024 11:00:00.000 UTC,154.559,154.578,154.056,154.188,20987.78
24.07.2024 12:00:00.000 UTC,154.187,154.224,153.758,153.804,37699.92
24.07.2024 13:00:00.000 UTC,153.806,153.996,153.343,153.429,33331.98
24.07.2024 14:00:00.000 UTC,153.425,153.59,153.105,153.266,57511.39
24.07.2024 15:00:00.000 UTC,153.267,153.499,153.264,153.382,32339.96
24.07.2024 16:00:00.000 UTC,153.383,153.583,153.342,153.467,19320.04
24.07.2024 17:00:00.000 UTC,153.468,153.856,153.447,153.825,17828.26
24.07.2024 18:00:00.000 UTC,153.825,154.071,153.806,154.003,16439.16
24.07.2024 19:00:00.000 UTC,154.003,154.096,153.877,154.015,11588.09
24.07.2024 20:00:00.000 UTC,154.015,154.016,153.85,153.85,2844.24
24.07.2024 21:00:00.000 UTC,153.848,153.88,153.518,153.687,1919.07
24.07.2024 22:00:00.000 UTC,153.686,153.788,153.551,153.594,8204.3
24.07.2024 23:00:00.000 UTC,153.59,153.952,153.586,153.916,15737.43
25.07.2024 00:00:00.000 UTC,153.914,153.968,152.838,153.243,40598.18
25.07.2024 01:00:00.000 UTC,153.246,153.345,152.642,152.857,21869.77
25.07.2024 02:00:00.000 UTC,152.858,152.952,152.512,152.637,14410.02
25.07.2024 03:00:00.000 UTC,152.637,152.637,152.229,152.317,17207.49
25.07.2024 04:00:00.000 UTC,152.315,152.652,152.312,152.618,10634.57
25.07.2024 05:00:00.000 UTC,152.619,152.97,152.582,152.741,13852.22
25.07.2024 06:00:00.000 UTC,152.738,152.867,152.542,152.845,21385.35
25.07.2024 07:00:00.000 UTC,152.846,152.929,152.051,152.193,23789.27
25.07.2024 08:00:00.000 UTC,152.193,152.747,151.941,152.703,19075
25.07.2024 09:00:00.000 UTC,152.703,152.739,152.247,152.308,13464.73
25.07.2024 10:00:00.000 UTC,152.305,152.358,152.087,152.207,11439.64
25.07.2024 11:00:00.000 UTC,152.206,152.729,152.17,152.72,21504.79
25.07.2024 12:00:00.000 UTC,152.722,153.735,152.551,153.519,50972.4
25.07.2024 13:00:00.000 UTC,153.52,154.193,153.414,153.653,50452.39
25.07.2024 14:00:00.000 UTC,153.656,153.739,153.228,153.639,33961.79
25.07.2024 15:00:00.000 UTC,153.637,154.101,153.632,153.978,28572.42
25.07.2024 16:00:00.000 UTC,153.979,154.318,153.904,154.027,30507.24
25.07.2024 17:00:00.000 UTC,154.03,154.042,153.748,154.033,38066.8
25.07.2024 18:00:00.000 UTC,154.031,154.048,153.768,153.784,29003.46
25.07.2024 19:00:00.000 UTC,153.784,153.919,153.784,153.919,11392.56
25.07.2024 20:00:00.000 UTC,153.917,154.046,153.807,153.907,3826.62
25.07.2024 21:00:00.000 UTC,153.907,153.922,153.866,153.915,307.44
25.07.2024 22:00:00.000 UTC,153.915,153.987,153.895,153.902,3212.59
25.07.2024 23:00:00.000 UTC,153.9,153.901,153.373,153.7,23685.54
26.07.2024 00:00:00.000 UTC,153.699,154.139,153.366,153.919,22663.73
26.07.2024 01:00:00.000 UTC,153.917,154.087,153.428,153.581,28524.2
26.07.2024 02:00:00.000 UTC,153.579,153.967,153.565,153.919,13053.44
26.07.2024 03:00:00.000 UTC,153.919,153.919,153.738,153.753,11518.97
26.07.2024 04:00:00.000 UTC,153.753,153.831,153.59,153.676,14139.49
26.07.2024 05:00:00.000 UTC,153.677,153.804,153.499,153.642,14030.61
26.07.2024 06:00:00.000 UTC,153.642,153.755,153.539,153.635,37884.1
26.07.2024 07:00:00.000 UTC,153.635,154.17,153.566,153.918,31592.34
26.07.2024 08:00:00.000 UTC,153.916,154.431,153.862,154.299,26328.07
26.07.2024 09:00:00.000 UTC,154.297,154.355,154.033,154.205,29835.27
26.07.2024 10:00:00.000 UTC,154.206,154.645,154.194,154.563,25287.55
26.07.2024 11:00:00.000 UTC,154.567,154.737,154.519,154.61,25886.79
26.07.2024 12:00:00.000 UTC,154.611,154.725,154.024,154.218,35550.12
26.07.2024 13:00:00.000 UTC,154.217,154.218,153.668,153.781,40337.59
26.07.2024 14:00:00.000 UTC,153.781,154.101,153.096,153.5,42962.55
26.07.2024 15:00:00.000 UTC,153.501,153.875,153.495,153.868,36123.39
26.07.2024 16:00:00.000 UTC,153.868,153.868,153.706,153.784,24168.54
26.07.2024 17:00:00.000 UTC,153.784,153.872,153.673,153.729,16085.67
26.07.2024 18:00:00.000 UTC,153.732,153.826,153.707,153.728,19127.13
26.07.2024 19:00:00.000 UTC,153.729,153.765,153.674,153.754,6644.37
26.07.2024 20:00:00.000 UTC,153.756,153.795,153.709,153.718,2095.83
28.07.2024 21:00:00.000 UTC,153.652,153.772,153.475,153.529,842.1
28.07.2024 22:00:00.000 UTC,153.692,154.02,153.654,154.02,13839.96
28.07.2024 23:00:00.000 UTC,154.018,154.212,153.98,154.143,20748.57
29.07.2024 00:00:00.000 UTC,154.149,154.351,153.52,153.66,31531.81
29.07.2024 01:00:00.000 UTC,153.653,153.83,153.236,153.438,35453.01
29.07.2024 02:00:00.000 UTC,153.439,153.534,153.014,153.419,20462.55
29.07.2024 03:00:00.000 UTC,153.42,153.694,153.328,153.511,22278.22
29.07.2024 04:00:00.000 UTC,153.517,153.607,153.322,153.413,25079.85
29.07.2024 05:00:00.000 UTC,153.412,153.664,153.3,153.381,18595.48
29.07.2024 06:00:00.000 UTC,153.381,153.447,153.138,153.354,31690.23
29.07.2024 07:00:00.000 UTC,153.352,153.723,153.232,153.617,45245.79
29.07.2024 08:00:00.000 UTC,153.618,153.915,153.586,153.686,35153.49
29.07.2024 09:00:00.000 UTC,153.685,153.772,153.587,153.701,31887.13
29.07.2024 10:00:00.000 UTC,153.701,153.892,153.601,153.684,25637.3
29.07.2024 11:00:00.000 UTC,153.683,153.837,153.59,153.833,27742.57
29.07.2024 12:00:00.000 UTC,153.833,154.032,153.754,153.883,42510.28
29.07.2024 13:00:00.000 UTC,153.885,154.207,153.731,154.175,35840.01
29.07.2024 14:00:00.000 UTC,154.174,154.203,154.002,154.048,41332.42
29.07.2024 15:00:00.000 UTC,154.047,154.047,153.869,153.964,27493.81
29.07.2024 16:00:00.000 UTC,153.965,154.091,153.933,153.942,13544.3
29.07.2024 17:00:00.000 UTC,153.943,154.031,153.887,154,11588.13
29.07.2024 18:00:00.000 UTC,154,154.054,153.966,153.986,15803.18
29.07.2024 19:00:00.000 UTC,153.981,154.038,153.958,153.999,11604.93
29.07.2024 20:00:00.000 UTC,153.998,154.051,153.974,154.01,3734.22
29.07.2024 21:00:00.000 UTC,154.01,154.068,153.903,154.004,1197.89
29.07.2024 22:00:00.000 UTC,154.009,154.061,153.97,154.019,9832.51
29.07.2024 23:00:00.000 UTC,154.018,154.028,153.765,153.835,15284.27
30.07.2024 00:00:00.000 UTC,153.833,154.059,153.615,153.961,19676.29
30.07.2024 01:00:00.000 UTC,153.961,154.247,153.848,153.992,19354.46
30.07.2024 02:00:00.000 UTC,153.993,154.132,153.948,154.022,13135.87
30.07.2024 03:00:00.000 UTC,154.021,154.165,153.974,154.069,19504.77
30.07.2024 04:00:00.000 UTC,154.073,154.442,154.061,154.437,18059.84
30.07.2024 05:00:00.000 UTC,154.436,154.768,154.421,154.664,15004.2
30.07.2024 06:00:00.000 UTC,154.662,155.213,154.595,155.049,16084.83
30.07.2024 07:00:00.000 UTC,155.045,155.143,154.719,154.894,15420.39
30.07.2024 08:00:00.000 UTC,154.898,154.912,154.602,154.663,9561.09
30.07.2024 09:00:00.000 UTC,154.666,154.933,154.661,154.809,8070.94
30.07.2024 10:00:00.000 UTC,154.813,154.877,154.693,154.732,4477.23
30.07.2024 11:00:00.000 UTC,154.733,154.895,154.724,154.884,5956.56
30.07.2024 12:00:00.000 UTC,154.884,155.021,154.81,154.94,33242.18
30.07.2024 13:00:00.000 UTC,154.941,154.941,154.291,154.333,51997.74
30.07.2024 14:00:00.000 UTC,154.318,154.652,154.318,154.599,48151.8
30.07.2024 15:00:00.000 UTC,154.599,154.601,153.646,153.726,51249.56
30.07.2024 16:00:00.000 UTC,153.726,153.855,153.137,153.238,29333.61
30.07.2024 17:00:00.000 UTC,153.238,153.38,152.979,153.203,34036.18
30.07.2024 18:00:00.000 UTC,153.204,153.441,153.136,153.257,25225.39
30.07.2024 19:00:00.000 UTC,153.257,153.317,153.204,153.275,10606.93
30.07.2024 20:00:00.000 UTC,153.276,153.282,152.645,152.756,8932.55
30.07.2024 21:00:00.000 UTC,152.698,152.809,152.614,152.658,1527.84
30.07.2024 22:00:00.000 UTC,152.658,153.139,152.42,152.878,23615.29
30.07.2024 23:00:00.000 UTC,152.875,152.974,152.417,152.658,29085.93
31.07.2024 00:00:00.000 UTC,152.658,152.741,152.105,152.378,33502.42
31.07.2024 01:00:00.000 UTC,152.373,152.529,152.164,152.424,20060.18
31.07.2024 02:00:00.000 UTC,152.411,153.325,152.335,152.876,33004.46
31.07.2024 03:00:00.000 UTC,152.877,153.828,151.587,153.57,21755.89
31.07.2024 04:00:00.000 UTC,153.586,153.894,152.408,152.55,34030.65
31.07.2024 05:00:00.000 UTC,152.55,153.165,152.466,152.87,26945.52
31.07.2024 06:00:00.000 UTC,152.869,153.059,152.213,152.228,38105.1
31.07.2024 07:00:00.000 UTC,152.228,152.434,150.607,150.921,42971.94
31.07.2024 08:00:00.000 UTC,150.921,150.983,150.049,150.922,54163.99
31.07.2024 09:00:00.000 UTC,150.917,150.942,150.356,150.403,35577.49
31.07.2024 10:00:00.000 UTC,150.402,150.587,150.144,150.507,27991.83
31.07.2024 11:00:00.000 UTC,150.506,150.581,150.08,150.183,43793.82
31.07.2024 12:00:00.000 UTC,150.189,150.475,149.785,150.331,51744.49
31.07.2024 13:00:00.000 UTC,150.332,150.349,149.818,149.82,42339.06
31.07.2024 14:00:00.000 UTC,149.822,150.674,149.625,150.434,42221.75
31.07.2024 15:00:00.000 UTC,150.435,150.574,150.277,150.38,39141.87
31.07.2024 16:00:00.000 UTC,150.38,150.661,150.368,150.56,23880.19
31.07.2024 17:00:00.000 UTC,150.559,150.953,150.544,150.796,27859.42
31.07.2024 18:00:00.000 UTC,150.796,151.257,150.328,150.437,51728.23
31.07.2024 19:00:00.000 UTC,150.444,150.495,149.606,149.786,50640.42
31.07.2024 20:00:00.000 UTC,149.786,150.278,149.754,149.956,9680.27
31.07.2024 21:00:00.000 UTC,149.941,149.941,149.829,149.874,1242.03
31.07.2024 22:00:00.000 UTC,149.874,150.19,149.794,150.17,13280.48
31.07.2024 23:00:00.000 UTC,150.17,150.318,149.667,149.786,25535.7
